{
  "full": [
    "duration_ms",
    "explicit",
    "danceability",
    "energy",
    "key",
    "loudness",
    "mode",
    "speechiness",
    "acousticness",
    "instrumentalness",
    "liveness",
    "valence",
    "tempo",
    "time_signature",
    "duration_min",
    "energy_x_danceability",
    "loudness_x_energy",
    "valence_x_danceability",
    "is_instrumental",
    "has_vocals",
    "is_speech_heavy",
    "tempo_log",
    "duration_category",
    "track_genre"
  ],
  "reduced": [
    "explicit",
    "key",
    "loudness",
    "mode",
    "speechiness",
    "acousticness",
    "liveness",
    "tempo",
    "loudness_x_energy",
    "is_speech_heavy",
    "tempo_log",
    "duration_category",
    "track_genre"
  ],
  "top": [
    "explicit",
    "key",
    "mode",
    "speechiness",
    "acousticness",
    "liveness",
    "tempo",
    "loudness_x_energy",
    "tempo_log",
    "track_genre"
  ],
  "removed": [
    "energy_x_danceability",
    "energy",
    "is_instrumental",
    "danceability",
    "has_vocals",
    "duration_ms",
    "instrumentalness",
    "duration_min",
    "time_signature",
    "valence",
    "valence_x_danceability"
  ],
  "feature_rankings": [
    {
      "feature": "track_genre",
      "avg_rank": 1.0
    },
    {
      "feature": "explicit",
      "avg_rank": 5.0
    },
    {
      "feature": "loudness_x_energy",
      "avg_rank": 5.0
    },
    {
      "feature": "loudness",
      "avg_rank": 8.0
    },
    {
      "feature": "speechiness",
      "avg_rank": 8.5
    },
    {
      "feature": "acousticness",
      "avg_rank": 8.5
    },
    {
      "feature": "is_instrumental",
      "avg_rank": 9.0
    },
    {
      "feature": "instrumentalness",
      "avg_rank": 9.5
    },
    {
      "feature": "mode",
      "avg_rank": 10.0
    },
    {
      "feature": "has_vocals",
      "avg_rank": 10.5
    },
    {
      "feature": "liveness",
      "avg_rank": 10.5
    },
    {
      "feature": "danceability",
      "avg_rank": 11.0
    },
    {
      "feature": "energy_x_danceability",
      "avg_rank": 12.5
    },
    {
      "feature": "key",
      "avg_rank": 14.0
    },
    {
      "feature": "tempo",
      "avg_rank": 14.5
    },
    {
      "feature": "time_signature",
      "avg_rank": 15.5
    },
    {
      "feature": "duration_category",
      "avg_rank": 15.5
    },
    {
      "feature": "tempo_log",
      "avg_rank": 16.0
    },
    {
      "feature": "duration_min",
      "avg_rank": 17.75
    },
    {
      "feature": "valence",
      "avg_rank": 18.0
    },
    {
      "feature": "valence_x_danceability",
      "avg_rank": 18.0
    },
    {
      "feature": "duration_ms",
      "avg_rank": 18.25
    },
    {
      "feature": "energy",
      "avg_rank": 19.5
    },
    {
      "feature": "is_speech_heavy",
      "avg_rank": NaN
    }
  ]
}